<?xml version="1.0" encoding="UTF-8"?>
<!DOCTYPE hibernate-configuration PUBLIC
        "-//Hibernate/Hibernate Configuration DTD 3.0//EN"
        "http://www.hibernate.org/dtd/hibernate-configuration-3.0.dtd">

<hibernate-configuration>

    <session-factory>

        <!-- Database connection settings -->
        <property name="connection.driver_class">org.apache.derby.jdbc.EmbeddedDriver</property>
        <property name="connection.url">jdbc:derby:TowerwarsDB;create=true</property>
        <property name="connection.username">user</property>
        <property name="connection.password">password</property>

        <!-- JDBC connection pool (use the built-in) -->
        <property name="connection.pool_size">20</property>

        <!-- SQL dialect -->
        <property name="dialect">org.hibernate.dialect.DerbyTenSevenDialect</property>

        <!-- Second-level cache  -->
        <!--         <property name="cache.use_second_level_cache">true</property>
                <property name="cache.use_query_cache">true</property>
                <property name="cache.provider_class">org.hibernate.cache.EhCacheProvider</property> -->

        <!-- Echo all executed SQL to stdout -->
        <property name="show_sql">true</property>

        <!-- Drop and re-create the database schema on startup -->
        <property name="hbm2ddl.auto">update</property>

        <mapping class="de.diegrafen.exmatrikulatortd.model.Gamestate" />
        <mapping class="de.diegrafen.exmatrikulatortd.model.Coordinates" />
        <mapping class="de.diegrafen.exmatrikulatortd.model.Highscore" />
        <mapping class="de.diegrafen.exmatrikulatortd.model.Player" />
        <mapping class="de.diegrafen.exmatrikulatortd.model.Profile" />
        <mapping class="de.diegrafen.exmatrikulatortd.model.SaveState" />
        <mapping class="de.diegrafen.exmatrikulatortd.model.enemy.Enemy" />
        <mapping class="de.diegrafen.exmatrikulatortd.model.enemy.Wave" />
        <mapping class="de.diegrafen.exmatrikulatortd.model.enemy.Debuff" />
        <mapping class="de.diegrafen.exmatrikulatortd.model.tower.Tower" />
        <mapping class="de.diegrafen.exmatrikulatortd.model.tower.Buff" />


    </session-factory>

</hibernate-configuration>